{
  "images" : [
    {
      "orientation" : "portrait",
      "idiom" : "iphone",
      "extent" : "full-screen",
      "minimum-system-version" : "7.0",
      "filename" : "Default@2x.png",
      "scale" : "2x"
    },
    {
      "extent" : "full-screen",
      "idiom" : "iphone",
      "subtype" : "retina4",
      "filename" : "Default--1.png",
      "minimum-system-version" : "7.0",
      "orientation" : "portrait",
      "scale" : "2x"
    },
    {
      "orientation" : "portrait",
      "idiom" : "ipad",
      "extent" : "full-screen",
      "minimum-system-version" : "7.0",
      "filename" : "iphone4.png",
      "scale" : "1x"
    },
    {
      "orientation" : "landscape",
      "idiom" : "ipad",
      "extent" : "full-screen",
      "minimum-system-version" : "7.0",
      "scale" : "1x"
    },
    {
      "orientation" : "portrait",
      "idiom" : "ipad",
      "extent" : "full-screen",
      "minimum-system-version" : "7.0",
      "filename" : "Default-.png",
      "scale" : "2x"
    },
    {
      "orientation" : "landscape",
      "idiom" : "ipad",
      "extent" : "full-screen",
      "minimum-system-version" : "7.0",
      "scale" : "2x"
    },
    {
      "orientation" : "portrait",
      "idiom" : "iphone",
      "extent" : "full-screen",
      "filename" : "Default.png",
      "scale" : "1x"
    },
    {
      "orientation" : "portrait",
      "idiom" : "iphone",
      "extent" : "full-screen",
      "filename" : "Default@2x.png",
      "scale" : "2x"
    },
    {
      "orientation" : "portrait",
      "idiom" : "iphone",
      "extent" : "full-screen",
      "filename" : "Default--2.png",
      "subtype" : "retina4",
      "scale" : "2x"
    },
    {
      "orientation" : "portrait",
      "idiom" : "ipad",
      "extent" : "to-status-bar",
      "filename" : "ipad-potrait.png",
      "scale" : "1x"
    },
    {
      "orientation" : "landscape",
      "idiom" : "ipad",
      "extent" : "to-status-bar",
      "scale" : "1x"
    },
    {
      "orientation" : "portrait",
      "idiom" : "ipad",
      "extent" : "to-status-bar",
      "filename" : "ipad-retina-potrait.png",
      "scale" : "2x"
    },
    {
      "orientation" : "landscape",
      "idiom" : "ipad",
      "extent" : "to-status-bar",
      "scale" : "2x"
    }
  ],
  "info" : {
    "version" : 1,
    "author" : "xcode"
  }
}