{
  "images" : [
    {
      "size" : "29x29",
      "idiom" : "iphone",
      "filename" : "icon_58x58.png",
      "scale" : "2x"
    },
    {
      "size" : "40x40",
      "idiom" : "iphone",
      "filename" : "icon_80x80.png",
      "scale" : "2x"
    },
    {
      "size" : "60x60",
      "idiom" : "iphone",
      "filename" : "icon_120x120.png",
      "scale" : "2x"
    },
    {
      "idiom" : "ipad",
      "size" : "29x29",
      "scale" : "1x"
    },
    {
      "idiom" : "ipad",
      "size" : "29x29",
      "scale" : "2x"
    },
    {
      "idiom" : "ipad",
      "size" : "40x40",
      "scale" : "1x"
    },
    {
      "idiom" : "ipad",
      "size" : "40x40",
      "scale" : "2x"
    },
    {
      "idiom" : "ipad",
      "size" : "76x76",
      "scale" : "1x"
    },
    {
      "idiom" : "ipad",
      "size" : "76x76",
      "scale" : "2x"
    }
  ],
  "info" : {
    "version" : 1,
    "author" : "xcode"
  }
}